{"eyes":{"左眼下":{"x":0.5202080944423733,"y":7.995333452172116,"z":2},"左眼上":{"x":0.4943798965145731,"y":8.402127569534969,"z":2},"左眼左":{"x":0.2554690656824221,"y":8.214873134558417,"z":2},"左眼右":{"x":0.7268336778647743,"y":8.240701332486218,"z":2},"右眼下":{"x":-1.0404161888847465,"y":7.995333452172116,"z":2},"右眼上":{"x":-0.9887597930291462,"y":8.402127569534969,"z":2},"右眼左":{"x":-0.2554690656824221,"y":8.214873134558417,"z":2},"右眼右":{"x":-0.7268336778647743,"y":8.240701332486218,"z":2}}}